_id,total
"{""url"": ""www.unilad.co.uk""}",1
"{""url"": ""www.boomlive.in""}",6
"{""url"": ""indiacsr.in""}",1
"{""url"": ""duexpress.in""}",2
"{""url"": ""samchui.com""}",1
"{""url"": ""financialpost.com""}",3
"{""url"": ""www.insidesport.co""}",20
"{""url"": ""medicaldialogues.in""}",3
"{""url"": ""www.thetimes.co.uk""}",8
"{""url"": ""amp.theguardian.combusiness""}",2
"{""url"": ""www.heraldgoa.in""}",1
"{""url"": ""www.cnbc.com""}",454
"{""url"": ""nokiapoweruser.com""}",1
"{""url"": ""lifestyle.livemint.com""}",5
"{""url"": ""renews.biz""}",2
"{""url"": ""www.popbuzz.com""}",1
"{""url"": ""www.thepharmaletter.com""}",1
"{""url"": ""www.cntraveller.in""}",6
"{""url"": ""www.marketscreener.com""}",1
"{""url"": ""www.designboom.com""}",2
"{""url"": ""www.genengnews.com""}",1
"{""url"": ""www.prnewswire.co.uk""}",1
"{""url"": ""www.facebook.com""}",1
"{""url"": ""caravanmagazine.in""}",2
"{""url"": ""www.liverpoolecho.co.uk""}",2
"{""url"": ""indiagoneviral.com""}",11
"{""url"": ""www.nasdaq.com""}",2
"{""url"": ""www.whitehouse.gov""}",1
"{""url"": ""www.efinancialcareers.com""}",4
"{""url"": ""zeenews.india.com""}",806
"{""url"": ""nationalinterest.org""}",1
"{""url"": ""www.indiantelevision.com""}",8
"{""url"": ""www.cityam.com""}",1
"{""url"": ""www.autocar.co.uk""}",3
"{""url"": ""sambadenglish.com""}",2
"{""url"": ""gizmodo.com""}",3
"{""url"": ""newseverything.in""}",1
"{""url"": ""www.business-live.co.uk""}",1
"{""url"": ""www.webpronews.com""}",6
"{""url"": ""www.chroniclelive.co.uk""}",1
"{""url"": ""factly.in""}",1
"{""url"": ""www.marca.com""}",2
"{""url"": ""leedaily.com""}",1
"{""url"": ""www.news24.com""}",1
"{""url"": ""www.bnnbloomberg.ca""}",1
"{""url"": ""www.newsfirst.lk""}",1
"{""url"": ""foxsanantonio.com""}",1
"{""url"": ""weather.com""}",16
"{""url"": ""www.gulftoday.ae""}",1
"{""url"": ""www.greentechmedia.com""}",2
"{""url"": ""www.missmalini.com""}",1
"{""url"": ""kashmirlife.net""}",1
"{""url"": ""punemirror.indiatimes.com""}",6
"{""url"": ""www.brusselstimes.com""}",2
"{""url"": ""hospitality.economictimes.indiatimes.com""}",1
"{""url"": ""www.dezeen.com""}",1
"{""url"": ""in.yahoo.com""}",1
"{""url"": ""www.indianweb2.com""}",1
"{""url"": ""www.bmj.com""}",1
"{""url"": ""www.carblogindia.com""}",2
"{""url"": ""ftw.usatoday.com""}",1
"{""url"": ""www.computerweekly.com""}",6
"{""url"": ""www.mirror.co.uk""}",2
"{""url"": ""medicalxpress.com""}",1
"{""url"": ""telecomtalk.info""}",624
"{""url"": ""www.yourmoney.com""}",1
"{""url"": ""www.theinformation.com""}",1
"{""url"": ""equitybulls.com""}",11
"{""url"": ""newsroompost.com""}",1
"{""url"": ""fox8.com""}",1
"{""url"": ""www.ndtv.com""}",3770
"{""url"": ""www.macrumors.com""}",5
"{""url"": ""www.independent.ie""}",1
"{""url"": ""adage.com""}",1
"{""url"": ""www.today.com""}",1
"{""url"": ""appleinsider.com""}",2
"{""url"": ""www.storypick.com""}",5
"{""url"": ""about.fb.com""}",1
"{""url"": ""www.biospectrumindia.com""}",1
"{""url"": ""en.as.com""}",2
"{""url"": ""theloadstar.com""}",2
"{""url"": ""brandinginasia.com""}",2
"{""url"": ""www.cnbctv18.com""}",2354
"{""url"": ""mashable.com""}",4
"{""url"": ""www.ericsson.com""}",19
"{""url"": ""amp.theguardian.comtechnology""}",1
"{""url"": ""www.capacitymedia.com""}",1
"{""url"": ""customerthink.com""}",1
"{""url"": ""www.finews.com""}",1
"{""url"": ""www.daijiworld.com""}",72
"{""url"": ""www.lowyinstitute.org""}",1
"{""url"": ""www.onmanorama.com""}",23
"{""url"": ""www.arabtimesonline.com""}",3
"{""url"": ""www.nzherald.co.nz""}",1
"{""url"": ""english.jagran.com""}",20
"{""url"": ""uk.investing.com""}",1
"{""url"": ""advrider.com""}",1
"{""url"": ""www.pharmacytimes.com""}",2
"{""url"": ""www.metalbulletin.com""}",1
"{""url"": ""inc42.com""}",181
"{""url"": ""www.accountingtoday.com""}",2
"{""url"": ""www.finextra.com""}",9
"{""url"": ""www.cp24.com""}",1
"{""url"": ""scroll.in""}",108
"{""url"": ""energy.economictimes.indiatimes.com""}",256
"{""url"": ""www.espn.in""}",2
"{""url"": ""supchina.com""}",1
"{""url"": ""www.bollywoodhungama.com""}",6
"{""url"": ""qz.com""}",88
"{""url"": ""www.sciencealert.com""}",8
"{""url"": ""www.devex.com""}",1
"{""url"": ""www.howtogeek.com""}",1
"{""url"": ""www.webmd.com""}",6
"{""url"": ""www.legallyindia.com""}",17
"{""url"": ""nationaltimes.in""}",1
"{""url"": ""www.slashgear.com""}",8
"{""url"": ""www.theepochtimes.com""}",3
"{""url"": ""www.rnz.co.nz""}",1
"{""url"": ""www.chicagotribune.com""}",1
"{""url"": ""ipolitics.ca""}",1
"{""url"": ""worldarchery.org""}",1
"{""url"": ""www.networkworld.com""}",3
"{""url"": ""www.thelivemirror.com""}",1
"{""url"": ""www.metrorailnews.in""}",2
"{""url"": ""travel.manoramaonline.com""}",1
"{""url"": ""www.socialnews.xyz""}",2
"{""url"": ""www.bikewale.com""}",283
"{""url"": ""thedriven.io""}",2
"{""url"": ""www.aa.com.tr""}",10
"{""url"": ""www.crainsnewyork.com""}",1
"{""url"": ""onemileatatime.com""}",2
"{""url"": ""www.urbantransportnews.com""}",1
"{""url"": ""newsjok.com""}",9
"{""url"": ""www.reuters.com""}",305
"{""url"": ""khn.org""}",1
"{""url"": ""www.asiatimes.com""}",3
"{""url"": ""www.indiancooperative.com""}",7
"{""url"": ""cryptodaily.co.uk""}",4
"{""url"": ""www.dawn.com""}",229
"{""url"": ""www.yahoo.com""}",1
"{""url"": ""bangaloremirror.indiatimes.com""}",67
"{""url"": ""www.greencarcongress.com""}",1
"{""url"": ""www.uniindia.com""}",1
"{""url"": ""www.bolnews.com""}",2
"{""url"": ""www.motoroids.com""}",215
"{""url"": ""www.thehindubusinessline.com""}",836
"{""url"": ""www.thedailystar.net""}",3
"{""url"": ""thewire.in""}",104
"{""url"": ""www.euroweeklynews.com""}",1
"{""url"": ""www.businessinsider.com""}",148
"{""url"": ""www.spotboye.com""}",1
"{""url"": ""www.cardekho.com""}",621
"{""url"": ""phys.org""}",2
"{""url"": ""greekcitytimes.com""}",1
"{""url"": ""www.nasa.gov""}",1
"{""url"": ""www.foreignaffairs.com""}",1
"{""url"": ""www.eturbonews.com""}",3
"{""url"": ""www.offshorewind.biz""}",2
"{""url"": ""www.forexlive.com""}",6
"{""url"": ""business.financialpost.com""}",2
"{""url"": ""www.gizbot.com""}",6
"{""url"": ""www.mobileworldlive.com""}",2
"{""url"": ""ummid.com""}",1
"{""url"": ""www.finsmes.com""}",5
"{""url"": ""www.cogencis.com""}",1
"{""url"": ""www.ladbible.com""}",2
"{""url"": ""www.expresscomputer.in""}",3
"{""url"": ""u.today""}",284
"{""url"": ""odishabytes.com""}",6
"{""url"": ""www.weforum.org""}",12
"{""url"": ""finbold.com""}",1
"{""url"": ""www.thehealthsite.com""}",2
"{""url"": ""www.medscape.com""}",3
"{""url"": ""www.idiva.com""}",2
"{""url"": ""www.fxstreet.com""}",451
"{""url"": ""djmag.com""}",1
"{""url"": ""www.itprotoday.com""}",1
"{""url"": ""kr-asia.com""}",1
"{""url"": ""www.opindia.com""}",73
"{""url"": ""www.gsmarena.com""}",310
"{""url"": ""news.samsung.com""}",18
"{""url"": ""www.indialegallive.com""}",2
"{""url"": ""newsus.cgtn.com""}",3
"{""url"": ""hbr.org""}",5
"{""url"": ""www.hollywoodreporter.com""}",1
"{""url"": ""www.northeasttoday.in""}",1
"{""url"": ""www.notebookcheck.net""}",11
"{""url"": ""www.nature.com""}",2
"{""url"": ""cryptopotato.com""}",197
"{""url"": ""capital.com""}",1
"{""url"": ""usethebitcoin.com""}",2
"{""url"": ""pragativadi.com""}",1
"{""url"": ""www.dailyforex.com""}",1
"{""url"": ""www.lifestyleasia.com""}",1
"{""url"": ""www.news18.com""}",3071
"{""url"": ""mmb.moneycontrol.com""}",1
"{""url"": ""www.moneycontrol.com""}",22463
"{""url"": ""www.am-online.com""}",1
"{""url"": ""thesportsrush.com""}",1
"{""url"": ""www.indiaretailing.com""}",7
"{""url"": ""www.gamespot.com""}",2
"{""url"": ""www.the-sun.com""}",1
"{""url"": ""www.express.co.uk""}",23
"{""url"": ""www.npr.org""}",1
"{""url"": ""english.lokmat.com""}",16
"{""url"": ""www.siliconrepublic.com""}",2
"{""url"": ""en.ethereumworldnews.com""}",5
"{""url"": ""greentechlead.com""}",1
"{""url"": ""ledgerinsights.com""}",1
"{""url"": ""www.fiercetelecom.com""}",1
"{""url"": ""www.just-style.com""}",1
"{""url"": ""www.engadget.com""}",11
"{""url"": ""www.dailyfx.com""}",191
"{""url"": ""bfsi.eletsonline.com""}",3
"{""url"": ""www.prnewswire.com""}",16
"{""url"": ""arstechnica.com""}",1
"{""url"": ""www.ecowatch.com""}",1
"{""url"": ""www.thethings.com""}",1
"{""url"": ""www.khaleejtimes.com""}",273
"{""url"": ""www.digitaltrends.com""}",1
"{""url"": ""www.thetravel.com""}",1
"{""url"": ""www.theregister.co.uk""}",1
"{""url"": ""www.travelandleisure.com""}",1
"{""url"": ""www.thestandard.com.hk""}",1
"{""url"": ""www.overdrive.in""}",36
"{""url"": ""www.france24.com""}",2
"{""url"": ""www.bbc.com""}",140
"{""url"": ""www.cryptopolitan.com""}",2
"{""url"": ""cloudwars.co""}",8
"{""url"": ""www.rcrwireless.com""}",1
"{""url"": ""www.oxfordstudent.com""}",1
"{""url"": ""www.campaignasia.com""}",7
"{""url"": ""www.sentinelassam.com""}",2
"{""url"": ""www.insider.com""}",6
"{""url"": ""www.oreilly.com""}",1
"{""url"": ""www.huffingtonpost.in""}",3
"{""url"": ""ca.finance.yahoo.com""}",1
"{""url"": ""www.itproportal.com""}",1
"{""url"": ""www.newsbtc.com""}",55
"{""url"": ""www.vox.com""}",2
"{""url"": ""auto.ndtv.com""}",210
"{""url"": ""www.bizasialive.com""}",1
"{""url"": ""www.lonelyplanet.com""}",1
"{""url"": ""www.millenniumpost.in""}",3
"{""url"": ""www.campaignlive.co.uk""}",2
"{""url"": ""www.telegraph.co.uk""}",12
"{""url"": ""www.business-standard.com""}",5264
"{""url"": ""www.capitalmind.in""}",1
"{""url"": ""hypebeast.com""}",2
"{""url"": ""foxbaltimore.com""}",1
"{""url"": ""www.rt.com""}",14
"{""url"": ""amp.theguardian.com""}",7
"{""url"": ""www.unilever.com""}",2
"{""url"": ""news.yahoo.com""}",18
"{""url"": ""telanganatoday.com""}",135
"{""url"": ""dailybusinessgroup.co.uk""}",1
"{""url"": ""in.mashable.com""}",7
"{""url"": ""tech.hindustantimes.com""}",95
"{""url"": ""www.theedgemarkets.com""}",2
"{""url"": ""dailyhodl.com""}",32
"{""url"": ""www.tehrantimes.com""}",1
"{""url"": ""brandequity.economictimes.indiatimes.com""}",24
"{""url"": ""www.cartrade.com""}",1
"{""url"": ""bitcoinmagazine.com""}",5
"{""url"": ""www.techinafrica.com""}",1
"{""url"": ""www.livemint.com""}",14638
"{""url"": ""tecake.com""}",1
"{""url"": ""www.uctoday.com""}",1
"{""url"": ""news.sky.com""}",9
"{""url"": ""www.cartoq.com""}",1910
"{""url"": ""www.firstpost.com""}",316
"{""url"": ""www.taxscan.in""}",90
"{""url"": ""poetsandquants.com""}",1
"{""url"": ""www.carwale.com""}",441
"{""url"": ""www.techradar.com""}",19
"{""url"": ""skift.com""}",5
"{""url"": ""www.bloombergquint.com""}",3812
"{""url"": ""www.thelocal.de""}",4
"{""url"": ""www.scmp.com""}",14
"{""url"": ""www.thehindu.com""}",828
"{""url"": ""dotesports.com""}",1
"{""url"": ""www.greatandhra.com""}",105
"{""url"": ""www.dqindia.com""}",22
"{""url"": ""www.newswire.ca""}",1
"{""url"": ""www.expressandstar.com""}",1
"{""url"": ""coconuts.co""}",2
"{""url"": ""www.gulte.com""}",121
"{""url"": ""www.greaterkashmir.com""}",51
"{""url"": ""www.foxnews.com""}",3
"{""url"": ""www.freep.com""}",1
"{""url"": ""www.cruisecritic.com""}",1
"{""url"": ""starofmysore.com""}",3
"{""url"": ""www.irishtimes.com""}",4
"{""url"": ""www.latestly.com""}",4
"{""url"": ""timesofindia.indiatimes.com""}",5137
"{""url"": ""www.dsij.in""}",28
"{""url"": ""www.geekwire.com""}",2
"{""url"": ""m.gulf-times.com""}",1
"{""url"": ""www.thelocal.it""}",1
"{""url"": ""www.stuff.co.nz""}",3
"{""url"": ""www.arabianbusiness.com""}",3
"{""url"": ""www.essentiallysports.com""}",9
"{""url"": ""newsonair.com""}",13
"{""url"": ""emirateswoman.com""}",1
"{""url"": ""www.indiaglitz.com""}",13
"{""url"": ""www.arnnet.com.au""}",5
"{""url"": ""uk.reuters.com""}",9
"{""url"": ""www.globenewswire.com""}",8
"{""url"": ""beebom.com""}",42
"{""url"": ""news.cgtn.com""}",110
"{""url"": ""fit.thequint.com""}",8
"{""url"": ""decrypt.co""}",11
"{""url"": ""www.cbsnews.com""}",8
"{""url"": ""www.jagranjosh.com""}",19
"{""url"": ""www.techrepublic.com""}",4
"{""url"": ""www.morningstar.in""}",4
"{""url"": ""fortune.com""}",21
"{""url"": ""auto.economictimes.indiatimes.com""}",320
"{""url"": ""i.dawn.com""}",8
"{""url"": ""fossbytes.com""}",18
"{""url"": ""www.sammobile.com""}",31
"{""url"": ""www.indianlink.com.au""}",1
"{""url"": ""www.statnews.com""}",9
"{""url"": ""www.schengenvisainfo.com""}",5
"{""url"": ""portswigger.net""}",1
"{""url"": ""betanews.com""}",1
"{""url"": ""saudigazette.com.sa""}",16
"{""url"": ""www.techspot.com""}",17
"{""url"": ""www.thehansindia.com""}",53
"{""url"": ""www.techinasia.com""}",54
"{""url"": ""vitals.lifehacker.com""}",1
"{""url"": ""www.team-bhp.com""}",1178
"{""url"": ""www.rushlane.com""}",2075
"{""url"": ""www.trtworld.com""}",6
"{""url"": ""www.rollingstone.com""}",2
"{""url"": ""www.livebitcoinnews.com""}",1
"{""url"": ""forkast.news""}",15
"{""url"": ""arunachaltimes.in""}",16
"{""url"": ""yourstory.com""}",712
"{""url"": ""www.nytimes.com""}",87
"{""url"": ""urbantransportnews.com""}",1
"{""url"": ""www.siasat.com""}",170
"{""url"": ""nenow.in""}",5
"{""url"": ""www.eonline.com""}",1
"{""url"": ""nairametrics.com""}",3
"{""url"": ""www.phonearena.com""}",31
"{""url"": ""www.itln.in""}",3
"{""url"": ""www.itnews.com.au""}",5
"{""url"": ""www.azcentral.com""}",1
"{""url"": ""www.hongkongfp.com""}",1
"{""url"": ""www.inventiva.co.in""}",21
"{""url"": ""www.bleepingcomputer.com""}",9
"{""url"": ""www.windpowermonthly.com""}",1
"{""url"": ""www.techquila.co.in""}",1
"{""url"": ""beincrypto.com""}",33
"{""url"": ""www.thenational.ae""}",9
"{""url"": ""www.thelocal.fr""}",1
"{""url"": ""www.goodreturns.in""}",337
"{""url"": ""www.greencarreports.com""}",1
"{""url"": ""www.geo.tv""}",11
"{""url"": ""www.tomsguide.com""}",2
"{""url"": ""getindianews.com""}",3
"{""url"": ""oilprice.com""}",314
"{""url"": ""english.manoramaonline.com""}",22
"{""url"": ""images.dawn.com""}",6
"{""url"": ""www.kitco.com""}",436
"{""url"": ""endpts.com""}",1
"{""url"": ""www.nationalheraldindia.com""}",12
"{""url"": ""www.thesun.co.uk""}",4
"{""url"": ""www.coindesk.com""}",74
"{""url"": ""www.bustle.com""}",1
"{""url"": ""www.mid-day.com""}",14
"{""url"": ""news.un.org""}",1
"{""url"": ""www.iamexpat.nl""}",1
"{""url"": ""www.helpnetsecurity.com""}",2
"{""url"": ""www.newsintervention.com""}",1
"{""url"": ""archinect.com""}",1
"{""url"": ""www.thekashmirmonitor.net""}",1
"{""url"": ""www.healthline.com""}",6
"{""url"": ""www.thedailymeal.com""}",1
"{""url"": ""www.formula1.com""}",2
"{""url"": ""www.fiercebiotech.com""}",2
"{""url"": ""hwnews.in""}",3
"{""url"": ""www.defenseworld.net""}",1
"{""url"": ""daijiworld.com""}",6
"{""url"": ""www.deccanchronicle.com""}",69
"{""url"": ""www.afr.com""}",1
"{""url"": ""www.wsj.com""}",39
"{""url"": ""www.stattimes.com""}",1
"{""url"": ""www.thenews.com.pk""}",4
"{""url"": ""knnindia.co.in""}",1
"{""url"": ""coinpedia.org""}",4
"{""url"": ""www.mindbodygreen.com""}",1
"{""url"": ""www.arabnews.com""}",105
"{""url"": ""www.businesstimes.com.sg""}",1
"{""url"": ""thecsrjournal.in""}",1
"{""url"": ""cricketaddictor.com""}",1
"{""url"": ""www.thepeninsulaqatar.com""}",16
"{""url"": ""www.socialmediatoday.com""}",18
"{""url"": ""diginomica.com""}",1
"{""url"": ""www.coventrytelegraph.net""}",1
"{""url"": ""www.dailyexcelsior.com""}",1
"{""url"": ""www.businesstoday.in""}",1
"{""url"": ""wolfstreet.com""}",1
"{""url"": ""www.campaignindia.in""}",16
"{""url"": ""threatpost.com""}",10
"{""url"": ""wersm.com""}",1
"{""url"": ""cio.eletsonline.com""}",1
"{""url"": ""www.republicworld.com""}",221
"{""url"": ""kalingatv.com""}",47
"{""url"": ""www.telugu360.com""}",3
"{""url"": ""www.medtechdive.com""}",1
"{""url"": ""www.thenewsminute.com""}",331
"{""url"": ""www.calcalistech.com""}",2
"{""url"": ""www.indiatimes.com""}",55
"{""url"": ""thehill.com""}",2
"{""url"": ""www.upstreamonline.com""}",1
"{""url"": ""www.wareable.com""}",1
"{""url"": ""www.thejakartapost.com""}",42
"{""url"": ""www.gadgetsnow.com""}",483
"{""url"": ""www.businesstraveller.com""}",7
"{""url"": ""simplywall.st""}",1
"{""url"": ""www.cnn.com""}",138
"{""url"": ""www.diagnosticimaging.com""}",1
"{""url"": ""www.sciencemag.org""}",3
"{""url"": ""www.marktechpost.com""}",1
"{""url"": ""www.biotecnika.org""}",1
"{""url"": ""www.crn.in""}",1
"{""url"": ""www.agriculture.com""}",3
"{""url"": ""tech.economictimes.indiatimes.com""}",73
"{""url"": ""cleantechnica.com""}",47
"{""url"": ""www.inc.com""}",13
"{""url"": ""www.cerner.com""}",1
"{""url"": ""www.globaltimes.cn""}",102
"{""url"": ""www.teslarati.com""}",6
"{""url"": ""www.newsroompost.com""}",10
"{""url"": ""simpleflying.com""}",186
"{""url"": ""www.zdnet.com""}",55
"{""url"": ""www.medianama.com""}",18
"{""url"": ""food.ndtv.com""}",50
"{""url"": ""www.nagalandpost.com""}",1
"{""url"": ""medium.com""}",1
"{""url"": ""mumbaimirror.indiatimes.com""}",97
"{""url"": ""swarajyamag.com""}",413
"{""url"": ""www.reinsurancene.ws""}",3
"{""url"": ""www.androidauthority.com""}",56
"{""url"": ""www.seroundtable.com""}",2
"{""url"": ""www.rigzone.com""}",4
"{""url"": ""www.mobigyaan.com""}",1
"{""url"": ""www.analyticsinsight.net""}",328
"{""url"": ""www.psuconnect.in""}",2
"{""url"": ""www.oneindia.com""}",12
"{""url"": ""tribune.com.pk""}",19
"{""url"": ""cryptoticker.io""}",1
"{""url"": ""www.televisionpost.com""}",4
"{""url"": ""www.thestar.com""}",1
"{""url"": ""carbuzz.com""}",3
"{""url"": ""www.sportskeeda.com""}",12
"{""url"": ""www.exchange4media.com""}",37
"{""url"": ""www.taipeitimes.com""}",2
"{""url"": ""www.forbes.com""}",135
"{""url"": ""gaadiwaadi.com""}",3760
"{""url"": ""www.proactiveinvestors.co.uk""}",2
"{""url"": ""www.beckershospitalreview.com""}",3
"{""url"": ""www.thelancet.com""}",3
"{""url"": ""www.valuewalk.com""}",1
"{""url"": ""www.crn.com""}",74
"{""url"": ""www.fiercewireless.com""}",3
"{""url"": ""www.zigwheels.com""}",326
"{""url"": ""www.thequint.com""}",73
"{""url"": ""7news.com.au""}",2
"{""url"": ""www.bgr.in""}",25
"{""url"": ""uk.news.yahoo.com""}",1
"{""url"": ""www.economywatch.com""}",2
"{""url"": ""www.seatrade-maritime.com""}",1
"{""url"": ""insidehpc.com""}",1
"{""url"": ""in.style.yahoo.com""}",6
"{""url"": ""news.microsoft.com""}",15
"{""url"": ""www.malaymail.com""}",1
"{""url"": ""www.thebetterindia.com""}",4
"{""url"": ""www.theweek.in""}",7
"{""url"": ""www.investingcube.com""}",3
"{""url"": ""www.theregister.com""}",2
"{""url"": ""www.aljazeera.com""}",248
"{""url"": ""news.google.com""}",4897
"{""url"": ""www.navalnews.com""}",1
"{""url"": ""economictimes.indiatimes.com""}",10187
"{""url"": ""ftalphaville.ft.com""}",1
"{""url"": ""www.americanbanker.com""}",2
"{""url"": ""www.asianage.com""}",3
"{""url"": ""ambcrypto.com""}",61
"{""url"": ""www.japantimes.co.jp""}",4
"{""url"": ""9to5mac.com""}",4
"{""url"": ""www.techgenyz.com""}",1
"{""url"": ""www.ynetnews.com""}",1
"{""url"": ""www.lbc.co.uk""}",1
"{""url"": ""www.gqindia.com""}",6
"{""url"": ""www.pfizer.com""}",1
"{""url"": ""www.indiatoday.in""}",1652
"{""url"": ""ahmedabadmirror.indiatimes.com""}",2
"{""url"": ""entrackr.com""}",448
"{""url"": ""thehackernews.com""}",43
"{""url"": ""the-ken.com""}",16
"{""url"": ""www.dailypioneer.com""}",2
"{""url"": ""www.crypto-news-flash.com""}",1
"{""url"": ""www.businessinsider.in""}",920
"{""url"": ""www.grandprix247.com""}",1
"{""url"": ""europe.autonews.com""}",2
"{""url"": ""www.bloomberg.com""}",399
"{""url"": ""www.shine.cn""}",1
"{""url"": ""bgr.com""}",8
"{""url"": ""www.dtnext.in""}",1
"{""url"": ""newsaf.cgtn.com""}",9
"{""url"": ""nakedsecurity.sophos.com""}",2
"{""url"": ""goldprice.org""}",2
"{""url"": ""www.barrons.com""}",23
"{""url"": ""www.belfasttelegraph.co.uk""}",1
"{""url"": ""www.printweek.in""}",1
"{""url"": ""www.newsbytesapp.com""}",71
"{""url"": ""www.defensenews.com""}",1
"{""url"": ""www.onclive.com""}",1
"{""url"": ""food.manoramaonline.com""}",2
"{""url"": ""insidebitcoins.com""}",1
"{""url"": ""www.orissapost.com""}",1
"{""url"": ""www.investing.com""}",1839
"{""url"": ""venturebeat.com""}",17
"{""url"": ""www.investopedia.com""}",7
"{""url"": ""ipl-2020-coca-cola-likely-to-stay-out-of-ipl-2020""}",1
"{""url"": ""www.cxotoday.com""}",2
"{""url"": ""www.indiacarnews.com""}",523
"{""url"": ""m.thewire.in""}",2
"{""url"": ""thevrsoldier.com""}",2
"{""url"": ""www.eweek.com""}",1
"{""url"": ""www.soompi.com""}",2
"{""url"": ""www.manchestereveningnews.co.uk""}",2
"{""url"": ""www.scoopwhoop.com""}",12
"{""url"": ""www.breakingnews.ie""}",1
"{""url"": ""www.coingecko.com""}",1
"{""url"": ""learningenglish.voanews.com""}",1
"{""url"": ""www.tribuneindia.com""}",151
"{""url"": ""www.anandtech.com""}",1
"{""url"": ""www.newslaundry.com""}",11
"{""url"": ""www.neweurope.eu""}",1
"{""url"": ""www.phoronix.com""}",1
"{""url"": ""www.news-medical.net""}",2
"{""url"": ""variety.com""}",6
"{""url"": ""www.businesswireindia.com""}",2
"{""url"": ""www.pv-magazine-india.com""}",3
"{""url"": ""www.koreaherald.com""}",2
"{""url"": ""auto.hindustantimes.com""}",2863
"{""url"": ""www.altnews.in""}",6
"{""url"": ""krishijagran.com""}",5
"{""url"": ""in.finance.yahoo.com""}",70
"{""url"": ""www.washingtonpost.com""}",11
"{""url"": ""www.avenuemail.in""}",2
"{""url"": ""www.gold-eagle.com""}",1
"{""url"": ""www.equitybulls.com""}",122
"{""url"": ""www.apple.com""}",4
"{""url"": ""asia.nikkei.com""}",21
"{""url"": ""interestingengineering.com""}",24
"{""url"": ""www.dallasnews.com""}",1
"{""url"": ""analyticsindiamag.com""}",44
"{""url"": ""zycrypto.com""}",25
"{""url"": ""www.dnaindia.com""}",150
"{""url"": ""observer.com""}",1
"{""url"": ""seekingalpha.com""}",8
"{""url"": ""www.pymnts.com""}",6
"{""url"": ""science.thewire.in""}",39
"{""url"": ""www.guwahatiplus.com""}",11
"{""url"": ""www.thenationalnews.com""}",6
"{""url"": ""www.marketwatch.com""}",38
"{""url"": ""thepeninsulaqatar.com""}",1
"{""url"": ""www.usatoday.com""}",5
"{""url"": ""cointelegraph.com""}",162
"{""url"": ""mercomindia.com""}",86
"{""url"": ""www.fiercepharma.com""}",35
"{""url"": ""www.telecomlead.com""}",2
"{""url"": ""crickettimes.com""}",1
"{""url"": ""www.roadandtrack.com""}",1
"{""url"": ""www.airlineratings.com""}",1
"{""url"": ""bitcoinist.com""}",21
"{""url"": ""www.benzinga.com""}",10
"{""url"": ""syncedreview.com""}",1
"{""url"": ""www.saurenergy.com""}",4
"{""url"": ""www.infosecurity-magazine.com:443""}",3
"{""url"": ""www.cryptoglobe.com""}",49
"{""url"": ""www.mirchi9.com""}",9
"{""url"": ""www.rideapart.com""}",20
"{""url"": ""amp.theguardian.comworld""}",3
"{""url"": ""www.financialexpress.com""}",85
"{""url"": ""nokiamob.net""}",4
"{""url"": ""www.talkesport.com""}",3
"{""url"": ""www.newshub.co.nz""}",1
"{""url"": ""www.musicbusinessworldwide.com""}",2
"{""url"": ""www.theblockcrypto.com""}",33
"{""url"": ""goachronicle.com""}",1
"{""url"": ""versionweekly.com""}",4
"{""url"": ""thenextweb.com""}",84
"{""url"": ""www.euronews.com""}",4
"{""url"": ""investor.spglobal.com""}",1
"{""url"": ""www.pgurus.com""}",17
"{""url"": ""thefinancialbrand.com""}",1
"{""url"": ""avenuemail.in""}",3
"{""url"": ""www.timesnownews.com""}",1047
"{""url"": ""cryptonews.com""}",2
"{""url"": ""www.carandbike.com""}",1191
"{""url"": ""www.4029tv.com""}",1
"{""url"": ""www.health.com""}",2
"{""url"": ""www.mediapost.com""}",5
"{""url"": ""www.livescience.com""}",4
"{""url"": ""www.androidcentral.com""}",3
"{""url"": ""pulse2.com""}",3
"{""url"": ""www.prokerala.com""}",1
"{""url"": ""consent.yahoo.com""}",2
"{""url"": ""www.channelnewsasia.com""}",36
"{""url"": ""www.taiwannews.com.tw""}",2
"{""url"": ""www.standard.co.uk""}",2
"{""url"": ""www.hindustantimes.com""}",2794
"{""url"": ""www.businesswire.com""}",36
"{""url"": ""splash247.com""}",13
"{""url"": ""motoroctane.com""}",184
"{""url"": ""english.newstracklive.com""}",4
"{""url"": ""gearpatrol.com""}",1
"{""url"": ""www.mysmartprice.com""}",4
"{""url"": ""www.sharecast.com""}",1
"{""url"": ""www.sciencedaily.com""}",2
"{""url"": ""www.space.com""}",2
"{""url"": ""www.motorauthority.com""}",1
"{""url"": ""www.unenvironment.org""}",1
"{""url"": ""www.ft.com""}",128
"{""url"": ""prime.economictimes.indiatimes.com""}",38
"{""url"": ""www.cruiselawnews.com""}",2
"{""url"": ""www.army-technology.com""}",1
"{""url"": ""newsmeter.in""}",2
"{""url"": ""www.forbesindia.com""}",24
"{""url"": ""www.seattletimes.com""}",1
"{""url"": ""goingconcern.com""}",1
"{""url"": ""eurasiantimes.com""}",35
"{""url"": ""www.ctvnews.ca""}",1
"{""url"": ""www.ibtimes.sg""}",1
"{""url"": ""thenortheasttoday.com""}",3
"{""url"": ""www.newkerala.com""}",2
"{""url"": ""www.carscoops.com""}",5
"{""url"": ""www.nst.com.my""}",1
"{""url"": ""www.saudigazette.com.sa""}",1
"{""url"": ""overdrive.in""}",49
"{""url"": ""www.pinkvilla.com""}",22
"{""url"": ""www.who.int""}",16
"{""url"": ""calgary.ctvnews.ca""}",1
"{""url"": ""www.teiss.co.uk""}",1
"{""url"": ""www.equitymaster.com""}",2
"{""url"": ""www.pv-tech.org""}",1
"{""url"": ""telecoms.com""}",17
"{""url"": ""ca.reuters.com""}",4
"{""url"": ""gcaptain.com""}",1
"{""url"": ""www.theguardian.com""}",24
"{""url"": ""www.sundayguardianlive.com""}",16
"{""url"": ""www.chemistryworld.com""}",1
"{""url"": ""www.theaustralian.com.au""}",2
"{""url"": ""futurism.com""}",9
"{""url"": ""www.gizchina.com""}",82
"{""url"": ""www.crosstownnews.in""}",2
"{""url"": ""www.totaltele.com""}",1
"{""url"": ""www.bizjournals.com""}",12
"{""url"": ""www.deseret.com""}",5
"{""url"": ""www.openpr.com""}",3
"{""url"": ""deadline.com""}",2
"{""url"": ""ultra.news""}",6
"{""url"": ""onezero.medium.com""}",4
"{""url"": ""coingape.com""}",192
"{""url"": ""www.nbcnews.com""}",3
"{""url"": ""www.dailysabah.com""}",11
"{""url"": ""www.breakingtravelnews.com""}",1
"{""url"": ""www.independent.co.uk""}",20
"{""url"": ""mspoweruser.com""}",14
"{""url"": ""www.dailymail.co.uk""}",12
"{""url"": ""gadgets.ndtv.com""}",585
"{""url"": ""newsinfopark.com""}",1
"{""url"": ""newsd.in""}",1
"{""url"": ""www.bullionvault.com""}",5
"{""url"": ""www.webwire.com""}",1
"{""url"": ""theprimetime.in""}",1
"{""url"": ""www.gamesindustry.biz""}",2
"{""url"": ""www.vogue.in""}",16
"{""url"": ""cryptobriefing.com""}",13
"{""url"": ""www.9news.com.au""}",1
"{""url"": ""www.autocarindia.com""}",18
"{""url"": ""www.pagalguy.com""}",1
"{""url"": ""retail.economictimes.indiatimes.com""}",56
"{""url"": ""mumbrella.com.au""}",2
"{""url"": ""www.agricensus.com""}",1
"{""url"": ""www.mumbailive.com""}",28
"{""url"": ""renewablesnow.com""}",1
"{""url"": ""www.thedrum.com""}",3
"{""url"": ""www.veganfirst.com""}",1
"{""url"": ""www.91mobiles.com""}",54
"{""url"": ""www.indiainfoline.com""}",413
"{""url"": ""www.newindianexpress.com""}",120
"{""url"": ""www.freepressjournal.in""}",196
"{""url"": ""www.searchenginejournal.com""}",36
"{""url"": ""www.quantaneo.com""}",1
"{""url"": ""www.climatechangenews.com""}",1
"{""url"": ""www.telecomtv.com""}",2
"{""url"": ""www.dealstreetasia.com""}",1
"{""url"": ""www.ibtimes.co.uk""}",1
"{""url"": ""mcucosmic.com""}",1
"{""url"": ""newsable.asianetnews.com""}",7
"{""url"": ""www.hurriyetdailynews.com""}",2
"{""url"": ""www.rechargenews.com""}",3
"{""url"": ""www.medicinenet.com""}",1
"{""url"": ""www.risingkashmir.com""}",1
"{""url"": ""liveupdates.hindustantimes.com""}",3
"{""url"": ""in.news.yahoo.com""}",153
"{""url"": ""www.nationalgeographic.com""}",3
"{""url"": ""www.yankodesign.com""}",2
"{""url"": ""news.bloombergtax.com""}",1
"{""url"": ""www.fortuneindia.com""}",24
"{""url"": ""frontline.thehindu.com""}",2
"{""url"": ""theprint.in""}",441
"{""url"": ""www.clinicaltrialsarena.com""}",12
"{""url"": ""www.thestar.com.my""}",3
"{""url"": ""www.themoscowtimes.com""}",1
"{""url"": ""www.techarp.com""}",1
"{""url"": ""www.telegraphindia.com""}",42
"{""url"": ""techxplore.com""}",3
"{""url"": ""www.bbc.co.uk""}",12
"{""url"": ""www.trustnodes.com""}",1
"{""url"": ""in.makers.yahoo.com""}",6
"{""url"": ""scitechdaily.com""}",2
"{""url"": ""www.cordcuttersnews.com""}",1
"{""url"": ""www.timesofisrael.com""}",10
"{""url"": ""www.straitstimes.com""}",12
"{""url"": ""bfsi.economictimes.indiatimes.com""}",1
"{""url"": ""realmoney.thestreet.com""}",1
"{""url"": ""www.washingtontimes.com""}",1
"{""url"": ""crowdwisdom.live""}",2
"{""url"": ""www.autoevolution.com""}",7
"{""url"": ""gulfnews.com""}",77
"{""url"": ""www.bangkokpost.com""}",24
"{""url"": ""eng.ambcrypto.com""}",1
"{""url"": ""9to5google.com""}",19
"{""url"": ""www.catchnews.com""}",2
"{""url"": ""www.empr.com""}",1
"{""url"": ""theconversation.com""}",6
"{""url"": ""www.youtube.com""}",420
"{""url"": ""e.vnexpress.net""}",1
"{""url"": ""trak.in""}",115
"{""url"": ""cfo.economictimes.indiatimes.com""}",1
"{""url"": ""www.globalcapital.com""}",1
"{""url"": ""www.covaipost.com""}",1
"{""url"": ""finance.yahoo.com""}",32
"{""url"": ""thefederal.com""}",1
"{""url"": ""www.sify.com""}",2
"{""url"": ""insights.dice.com""}",1
"{""url"": ""amp.theguardian.comcommentisfree""}",1
"{""url"": ""www.peoplematters.in""}",64
"{""url"": ""www.investors.com""}",2
"{""url"": ""www.timesofoman.com""}",1
"{""url"": ""theaircurrent.com""}",1
"{""url"": ""www.elitedaily.com""}",1
"{""url"": ""www.sfgate.com""}",2
"{""url"": ""www.adexchanger.com""}",3
"{""url"": ""worldbestnews.info""}",1
"{""url"": ""news.sophos.com""}",2
"{""url"": ""www.project-syndicate.org""}",1
"{""url"": ""www.cruiseindustrynews.com""}",4
"{""url"": ""www.livelaw.in""}",85
"{""url"": ""thekashmirwalla.com""}",1
"{""url"": ""www.indiapost.com""}",2
"{""url"": ""www.legit.ng""}",1
"{""url"": ""www.yourtango.com""}",1
"{""url"": ""in.pcmag.com""}",1
"{""url"": ""www.infoq.com""}",2
"{""url"": ""www.wionews.com""}",88
"{""url"": ""www.inputmag.com""}",1
"{""url"": ""www.gizmochina.com""}",67
"{""url"": ""bestmediainfo.com""}",4
"{""url"": ""www.ibtimes.co.in""}",13
"{""url"": ""markets.businessinsider.com""}",25
"{""url"": ""www.autox.com""}",5
"{""url"": ""www.electronicsweekly.com""}",1
"{""url"": ""www.krgv.com""}",1
"{""url"": ""www.rte.ie""}",4
"{""url"": ""cio.economictimes.indiatimes.com""}",18
"{""url"": ""www.aerotime.aero""}",1
"{""url"": ""www.presstv.com""}",1
"{""url"": ""indianautosblog.com""}",1
"{""url"": ""metro.co.uk""}",4
"{""url"": ""www.caixinglobal.com""}",1
"{""url"": ""swirlster.ndtv.com""}",3
"{""url"": ""www.thestatesman.com""}",2
"{""url"": ""menafn.com""}",2
"{""url"": ""www.voanews.com""}",1
"{""url"": ""www.financemagnates.com""}",1
"{""url"": ""www.medicalnewstoday.com""}",2
"{""url"": ""www.cicnews.com""}",3
"{""url"": ""www.indiaspend.com""}",1
"{""url"": ""hackernoon.com""}",1
"{""url"": ""paultan.org""}",1
"{""url"": ""www.buzzfeednews.com""}",1
"{""url"": ""www.economist.com""}",11
"{""url"": ""www.cardesignnews.com""}",1
"{""url"": ""www.theweekendleader.com""}",1
"{""url"": ""japantoday.com""}",4
"{""url"": ""sports.ndtv.com""}",1
"{""url"": ""searchengineland.com""}",20
"{""url"": ""www.tellychakkar.com""}",1
"{""url"": ""www.carthrottle.com""}",2
"{""url"": ""www.cidrap.umn.edu""}",1
"{""url"": ""www.zeebiz.com""}",232
"{""url"": ""www.aninews.in""}",44
"{""url"": ""www.forexfactory.com""}",12
"{""url"": ""www.spglobal.com""}",10
"{""url"": ""e27.co""}",1
"{""url"": ""www.newsclick.in""}",9
"{""url"": ""www.androidpolice.com""}",35
"{""url"": ""spacenews.com""}",2
"{""url"": ""www.paddleyourownkanoo.com""}",11
"{""url"": ""www.inverse.com""}",2
"{""url"": ""english.mathrubhumi.com""}",10
"{""url"": ""www.devdiscourse.com""}",6
"{""url"": ""www.deccanherald.com""}",929
"{""url"": ""www.fitchratings.com""}",3
"{""url"": ""www.foxbusiness.com""}",13
"{""url"": ""telecom.economictimes.indiatimes.com""}",873
"{""url"": ""www.ccn.com""}",35
"{""url"": ""in.reuters.com""}",69
"{""url"": ""www.bollywoodshaadis.com""}",3
"{""url"": ""www.tradewindsnews.com""}",1
"{""url"": ""realty.economictimes.indiatimes.com""}",22
"{""url"": ""siliconangle.com""}",4
"{""url"": ""physicsworld.com""}",1
"{""url"": ""www.gsk.com""}",1
"{""url"": ""www.mining.com""}",30
"{""url"": ""www.kcci.com""}",1
"{""url"": ""www.thestreet.com""}",4
"{""url"": ""www.jantakareporter.com""}",3
"{""url"": ""www.upi.com""}",1
"{""url"": ""www.politico.com""}",1
"{""url"": ""www.inquirer.net""}",2
"{""url"": ""www.latimes.com""}",1
"{""url"": ""www.barandbench.com""}",118
"{""url"": ""www.dw.com""}",11
"{""url"": ""www.newsonair.com""}",6
"{""url"": ""newseu.cgtn.com""}",5
"{""url"": ""globalnews.ca""}",1
"{""url"": ""www.lightreading.com""}",3
"{""url"": ""blocksandfiles.com""}",2
"{""url"": ""odishatv.in""}",32
"{""url"": ""www.windowscentral.com""}",2
"{""url"": ""updateodisha.com""}",6
"{""url"": ""www.wired.com""}",4
"{""url"": ""wwd.com""}",1
"{""url"": ""piunikaweb.com""}",4
"{""url"": ""www.statista.com""}",1
"{""url"": ""www.motor1.com""}",12
"{""url"": ""timesofoman.com""}",9
"{""url"": ""medcitynews.com""}",1
"{""url"": ""www.drivespark.com""}",11
"{""url"": ""health.economictimes.indiatimes.com""}",36
"{""url"": ""ca.news.yahoo.com""}",1
"{""url"": ""www.popularmechanics.com""}",1
"{""url"": ""en.globes.co.il""}",2
"{""url"": ""www.hellenicshippingnews.com""}",3
"{""url"": ""www.fool.com""}",43
"{""url"": ""www.goodnewsnetwork.org""}",1
"{""url"": ""techcrunch.com""}",678
"{""url"": ""www.indiatvnews.com""}",161
"{""url"": ""thedial.co""}",1
"{""url"": ""indianexpress.com""}",2686
"{""url"": ""www.fool.co.uk""}",6
"{""url"": ""wccftech.com""}",1
"{""url"": ""www.townandcountrymag.com""}",1
"{""url"": ""www.billboard.com""}",5
"{""url"": ""www.crainsdetroit.com""}",1
"{""url"": ""insideevs.com""}",9
"{""url"": ""technosports.co.in""}",2
"{""url"": ""realsport101.com""}",1
"{""url"": ""www.knocksense.com""}",5
"{""url"": ""www.windowslatest.com""}",1
"{""url"": ""wptavern.com""}",1
"{""url"": ""www.theverge.com""}",77
"{""url"": ""nytlicensing.com""}",2
"{""url"": ""www.aviation24.be""}",2
"{""url"": ""news.abplive.com""}",66
"{""url"": ""www.yovizag.com""}",3
"{""url"": ""www.cnet.com""}",31
"{""url"": ""www.wfla.com""}",1
"{""url"": ""www.defenseone.com""}",1
"{""url"": ""www.punekarnews.in""}",39
"{""url"": ""www.motorbeam.com""}",53
"{""url"": ""www.telecompaper.com""}",1
"{""url"": ""www.birminghammail.co.uk""}",2
"{""url"": ""nagpuroranges.com""}",10
"{""url"": ""www.motorsportweek.com""}",1
"{""url"": ""thelogicalindian.com""}",21
"{""url"": ""www.jpost.com""}",6
"{""url"": ""www.maritime-executive.com""}",2
"{""url"": ""www.middleeastmonitor.com""}",1
"{""url"": ""bengaluru.citizenmatters.in""}",2
"{""url"": ""www.dailyo.in""}",1
"{""url"": ""www.pharmaceutical-technology.com""}",14
"{""url"": ""www.aircargonews.net""}",3
"{""url"": ""apnews.com""}",3
"{""url"": ""smartinvestor.business-standard.com""}",6
"{""url"": ""www.axios.com""}",1
"{""url"": ""www.news.com.au""}",2
"{""url"": ""www.vccircle.com""}",82
"{""url"": ""www.india.com""}",201
"{""url"": ""www.mercurynews.com""}",1
"{""url"": ""www.orfonline.org""}",6
"{""url"": ""www.xda-developers.com""}",76
"{""url"": ""foxexclusive.com""}",1
"{""url"": ""www.cbronline.com""}",1
"{""url"": ""in.investing.com""}",550
"{""url"": ""eandt.theiet.org""}",1
"{""url"": ""www.sfchronicle.com""}",1
"{""url"": ""nypost.com""}",12
"{""url"": ""news.careers360.com""}",1
"{""url"": ""cryptoslate.com""}",30
"{""url"": ""news.efinancialcareers.com""}",4
"{""url"": ""electrek.co""}",11
"{""url"": ""www.chicagobusiness.com""}",1
"{""url"": ""www.downtoearth.org.in""}",6
"{""url"": ""news.bitcoin.com""}",376
"{""url"": ""www.autocarpro.in""}",38
"{""url"": ""www.thenewsopediaindia.co.in""}",13
"{""url"": ""www.afaqs.com""}",22
"{""url"": ""www.sdxcentral.com""}",7
"{""url"": ""www.thisismoney.co.uk""}",7
"{""url"": ""amp.theguardian.commembership""}",1
"{""url"": ""www.foodnavigator.com""}",3
"{""url"": ""asiatimes.com""}",14
"{""url"": ""www.oedigital.com""}",1
"{""url"": ""www.fxempire.com""}",623
"{""url"": ""tass.com""}",2
